{"Pepper__bell___Bacterial_spot": {"precision": 1.0, "recall": 0.9975550122249389, "f1-score": 0.9987760097919217, "support": 818.0}, "Pepper__bell___healthy": {"precision": 0.9983457402812241, "recall": 1.0, "f1-score": 0.9991721854304636, "support": 1207.0}, "Potato___Early_blight": {"precision": 0.9961880559085133, "recall": 1.0, "f1-score": 0.9980903882877148, "support": 784.0}, "Potato___Late_blight": {"precision": 1.0, "recall": 0.9961880559085133, "f1-score": 0.9980903882877148, "support": 787.0}, "Potato___healthy": {"precision": 0.9912280701754386, "recall": 1.0, "f1-score": 0.9955947136563876, "support": 113.0}, "Tomato_Bacterial_spot": {"precision": 0.9924286546301689, "recall": 1.0, "f1-score": 0.9961999415375621, "support": 1704.0}, "Tomato_Early_blight": {"precision": 1.0, "recall": 0.9775, "f1-score": 0.988621997471555, "support": 800.0}, "Tomato_Late_blight": {"precision": 1.0, "recall": 0.9940750493745886, "f1-score": 0.9970287223506108, "support": 1519.0}, "Tomato_Leaf_Mold": {"precision": 0.9987129987129987, "recall": 0.9935979513444302, "f1-score": 0.9961489088575096, "support": 781.0}, "Tomato_Septoria_leaf_spot": {"precision": 0.9951923076923077, "recall": 1.0, "f1-score": 0.9975903614457832, "support": 1449.0}, "Tomato_Spider_mites_Two_spotted_spider_mite": {"precision": 0.9955654101995566, "recall": 0.9992581602373887, "f1-score": 0.9974083672713809, "support": 1348.0}, "Tomato__Target_Spot": {"precision": 0.9944289693593314, "recall": 0.9935064935064936, "f1-score": 0.9939675174013921, "support": 1078.0}, "Tomato__Tomato_YellowLeaf__Curl_Virus": {"precision": 0.9988308651597818, "recall": 1.0, "f1-score": 0.9994150906609476, "support": 2563.0}, "Tomato__Tomato_mosaic_virus": {"precision": 0.9966216216216216, "recall": 1.0, "f1-score": 0.9983079526226735, "support": 295.0}, "Tomato_healthy": {"precision": 0.9976303317535545, "recall": 0.9992088607594937, "f1-score": 0.9984189723320158, "support": 1264.0}, "accuracy": 0.9972138098122351, "macro avg": {"precision": 0.9970115350329666, "recall": 0.9967259722237232, "f1-score": 0.996855434493709, "support": 16510.0}, "weighted avg": {"precision": 0.9972246321411328, "recall": 0.9972138098122351, "f1-score": 0.9972088572310057, "support": 16510.0}}