{"Pepper__bell___Bacterial_spot": {"precision": 0.9870967741935484, "recall": 0.8547486033519553, "f1-score": 0.9161676646706587, "support": 179.0}, "Pepper__bell___healthy": {"precision": 0.9340277777777778, "recall": 0.992619926199262, "f1-score": 0.962432915921288, "support": 271.0}, "Potato___Early_blight": {"precision": 0.9454545454545454, "recall": 0.9629629629629629, "f1-score": 0.9541284403669725, "support": 216.0}, "Potato___Late_blight": {"precision": 0.9712230215827338, "recall": 0.6338028169014085, "f1-score": 0.7670454545454546, "support": 213.0}, "Potato___healthy": {"precision": 0.7894736842105263, "recall": 0.7692307692307693, "f1-score": 0.7792207792207793, "support": 39.0}, "Tomato_Bacterial_spot": {"precision": 0.6817447495961227, "recall": 0.9976359338061466, "f1-score": 0.8099808061420346, "support": 423.0}, "Tomato_Early_blight": {"precision": 0.9411764705882353, "recall": 0.32, "f1-score": 0.47761194029850745, "support": 200.0}, "Tomato_Late_blight": {"precision": 0.9914529914529915, "recall": 0.5948717948717949, "f1-score": 0.7435897435897436, "support": 390.0}, "Tomato_Leaf_Mold": {"precision": 0.9384615384615385, "recall": 0.7134502923976608, "f1-score": 0.8106312292358804, "support": 171.0}, "Tomato_Septoria_leaf_spot": {"precision": 0.7855227882037533, "recall": 0.9099378881987578, "f1-score": 0.8431654676258993, "support": 322.0}, "Tomato_Spider_mites_Two_spotted_spider_mite": {"precision": 0.7932816537467701, "recall": 0.9359756097560976, "f1-score": 0.8587412587412587, "support": 328.0}, "Tomato__Target_Spot": {"precision": 0.7852760736196319, "recall": 0.7852760736196319, "f1-score": 0.7852760736196319, "support": 326.0}, "Tomato__Tomato_YellowLeaf__Curl_Virus": {"precision": 0.8854748603351955, "recall": 0.9829457364341085, "f1-score": 0.9316678912564291, "support": 645.0}, "Tomato__Tomato_mosaic_virus": {"precision": 0.8651685393258427, "recall": 0.9871794871794872, "f1-score": 0.9221556886227545, "support": 78.0}, "Tomato_healthy": {"precision": 0.9248554913294798, "recall": 0.9785932721712538, "f1-score": 0.950965824665676, "support": 327.0}, "accuracy": 0.8531976744186046, "macro avg": {"precision": 0.8813127306585796, "recall": 0.8279487444720866, "f1-score": 0.8341854119015314, "support": 4128.0}, "weighted avg": {"precision": 0.8734553825768507, "recall": 0.8531976744186046, "f1-score": 0.8440949003043152, "support": 4128.0}}