{"Pepper__bell___Bacterial_spot": {"precision": 0.9662162162162162, "recall": 0.7988826815642458, "f1-score": 0.8746177370030581, "support": 179.0}, "Pepper__bell___healthy": {"precision": 0.9285714285714286, "recall": 0.959409594095941, "f1-score": 0.9437386569872959, "support": 271.0}, "Potato___Early_blight": {"precision": 0.9389671361502347, "recall": 0.9259259259259259, "f1-score": 0.9324009324009324, "support": 216.0}, "Potato___Late_blight": {"precision": 0.917910447761194, "recall": 0.5774647887323944, "f1-score": 0.7089337175792507, "support": 213.0}, "Potato___healthy": {"precision": 0.7073170731707317, "recall": 0.7435897435897436, "f1-score": 0.725, "support": 39.0}, "Tomato_Bacterial_spot": {"precision": 0.6644951140065146, "recall": 0.9645390070921985, "f1-score": 0.7868852459016393, "support": 423.0}, "Tomato_Early_blight": {"precision": 0.7912087912087912, "recall": 0.36, "f1-score": 0.4948453608247423, "support": 200.0}, "Tomato_Late_blight": {"precision": 0.9708333333333333, "recall": 0.5974358974358974, "f1-score": 0.7396825396825397, "support": 390.0}, "Tomato_Leaf_Mold": {"precision": 0.8613138686131386, "recall": 0.6900584795321637, "f1-score": 0.7662337662337663, "support": 171.0}, "Tomato_Septoria_leaf_spot": {"precision": 0.7458100558659218, "recall": 0.8291925465838509, "f1-score": 0.7852941176470588, "support": 322.0}, "Tomato_Spider_mites_Two_spotted_spider_mite": {"precision": 0.6938775510204082, "recall": 0.8292682926829268, "f1-score": 0.7555555555555555, "support": 328.0}, "Tomato__Target_Spot": {"precision": 0.6763754045307443, "recall": 0.6411042944785276, "f1-score": 0.658267716535433, "support": 326.0}, "Tomato__Tomato_YellowLeaf__Curl_Virus": {"precision": 0.8707386363636364, "recall": 0.9503875968992248, "f1-score": 0.9088213491475167, "support": 645.0}, "Tomato__Tomato_mosaic_virus": {"precision": 0.7422680412371134, "recall": 0.9230769230769231, "f1-score": 0.8228571428571428, "support": 78.0}, "Tomato_healthy": {"precision": 0.8081081081081081, "recall": 0.9143730886850153, "f1-score": 0.8579626972740315, "support": 327.0}, "accuracy": 0.8037790697674418, "macro avg": {"precision": 0.8189340804105011, "recall": 0.7803139240249987, "f1-score": 0.7840731023753307, "support": 4128.0}, "weighted avg": {"precision": 0.8206786218757507, "recall": 0.8037790697674418, "f1-score": 0.7971217448983364, "support": 4128.0}}